{"1": 0.7609626416061468,
 "2": 0.9142528510532576,
 "3": 0.9970218693105609,
 "4": 0.9998740752813193,
 "5": 0.9999783677808036,
 "6": 1.0}