{
    "1": 0.8624436112787217,
    "2": 0.9359429840282236,
    "3": 0.9813085884081317,
    "4": 0.9956001789574611,
    "5": 0.9979355446343983,
    "6": 0.9989342425775297,
    "7": 0.9995660771324375,
    "8": 0.9999569046056884,
    "9": 0.9999981904383318,
    "10": 0.9999999444649307,
    "11": 1.0
}